Slide;Dataset;Tumor;Scanner;Origin;Species;mm_x;mm_y
1;train;human breast cancer;Hamammatsu XR;UMC Utrecht;Human;0.00022744367634943942;0.00022744367634943942
2;train;human breast cancer;Hamammatsu XR;UMC Utrecht;Human;0.00022690727175272467;0.00022690727175272467
3;train;human breast cancer;Hamammatsu XR;UMC Utrecht;Human;0.00022632094805310522;0.00022632094805310522
4;train;human breast cancer;Hamammatsu XR;UMC Utrecht;Human;0.00022632094805310522;0.00022632094805310522
5;train;human breast cancer;Hamammatsu XR;UMC Utrecht;Human;0.00022744367634943942;0.00022744367634943942
6;test;human breast cancer;Hamammatsu XR;UMC Utrecht;Human;0.00022632094805310522;0.00022632094805310522
7;test;human breast cancer;Hamammatsu XR;UMC Utrecht;Human;0.00022690727175272467;0.00022690727175272467
8;train;human breast cancer;Hamammatsu XR;UMC Utrecht;Human;0.00022686065932495556;0.00022686065932495556
9;train;human breast cancer;Hamammatsu XR;UMC Utrecht;Human;0.00022632094805310522;0.00022632094805310522
10;train;human breast cancer;Hamammatsu XR;UMC Utrecht;Human;0.00022632094805310522;0.00022632094805310522
11;train;human breast cancer;Hamammatsu XR;UMC Utrecht;Human;0.00022632094805310522;0.00022632094805310522
12;train;human breast cancer;Hamammatsu XR;UMC Utrecht;Human;0.00022744367634943942;0.00022744367634943942
13;train;human breast cancer;Hamammatsu XR;UMC Utrecht;Human;0.00022632094805310522;0.00022632094805310522
14;test;human breast cancer;Hamammatsu XR;UMC Utrecht;Human;0.00022744367634943942;0.00022744367634943942
15;test;human breast cancer;Hamammatsu XR;UMC Utrecht;Human;0.00022632094805310522;0.00022632094805310522
16;train;human breast cancer;Hamammatsu XR;UMC Utrecht;Human;0.00022632094805310522;0.00022632094805310522
17;train;human breast cancer;Hamammatsu XR;UMC Utrecht;Human;0.00022632094805310522;0.00022632094805310522
18;test;human breast cancer;Hamammatsu XR;UMC Utrecht;Human;0.00022690727175272467;0.00022690727175272467
19;train;human breast cancer;Hamammatsu XR;UMC Utrecht;Human;0.00022632094805310522;0.00022632094805310522
20;train;human breast cancer;Hamammatsu XR;UMC Utrecht;Human;0.0002263169149618647;0.00022632094805310522
21;train;human breast cancer;Hamammatsu XR;UMC Utrecht;Human;0.00022632094805310522;0.00022632094805310522
22;train;human breast cancer;Hamammatsu XR;UMC Utrecht;Human;0.00022632094805310522;0.00022632094805310522
23;train;human breast cancer;Hamammatsu XR;UMC Utrecht;Human;0.00022632094805310522;0.00022632094805310522
24;train;human breast cancer;Hamammatsu XR;UMC Utrecht;Human;0.00022744367634943942;0.00022744367634943942
25;train;human breast cancer;Hamammatsu XR;UMC Utrecht;Human;0.00022632094805310522;0.00022632094805310522
26;test;human breast cancer;Hamammatsu XR;UMC Utrecht;Human;0.00022686065932495556;0.00022686065932495556
27;train;human breast cancer;Hamammatsu XR;UMC Utrecht;Human;0.00022632094805310522;0.00022632094805310522
28;train;human breast cancer;Hamammatsu XR;UMC Utrecht;Human;0.00022632094805310522;0.00022632094805310522
29;test;human breast cancer;Hamammatsu XR;UMC Utrecht;Human;0.00022744367634943942;0.00022744367634943942
30;train;human breast cancer;Hamammatsu XR;UMC Utrecht;Human;0.00022744367634943942;0.00022744367634943942
31;test;human breast cancer;Hamammatsu XR;UMC Utrecht;Human;0.00022632094805310522;0.00022632094805310522
32;test;human breast cancer;Hamammatsu XR;UMC Utrecht;Human;0.00022744367634943942;0.00022744367634943942
33;train;human breast cancer;Hamammatsu XR;UMC Utrecht;Human;0.00022744367634943942;0.00022744367634943942
34;train;human breast cancer;Hamammatsu XR;UMC Utrecht;Human;0.00022686065932495556;0.00022686065932495556
35;test;human breast cancer;Hamammatsu XR;UMC Utrecht;Human;0.00022690727175272467;0.00022690727175272467
36;train;human breast cancer;Hamammatsu XR;UMC Utrecht;Human;0.00022744367634943942;0.00022744367634943942
37;train;human breast cancer;Hamammatsu XR;UMC Utrecht;Human;0.00022632094805310522;0.00022632094805310522
38;train;human breast cancer;Hamammatsu XR;UMC Utrecht;Human;0.00022632094805310522;0.00022632094805310522
39;train;human breast cancer;Hamammatsu XR;UMC Utrecht;Human;0.00022686065932495556;0.00022686065932495556
40;train;human breast cancer;Hamammatsu XR;UMC Utrecht;Human;0.00022632094805310522;0.00022632094805310522
41;train;human breast cancer;Hamammatsu XR;UMC Utrecht;Human;0.00022744367634943942;0.00022744367634943942
42;train;human breast cancer;Hamammatsu XR;UMC Utrecht;Human;0.0002274375665971221;0.00022744367634943942
43;train;human breast cancer;Hamammatsu XR;UMC Utrecht;Human;0.00022632094805310522;0.00022632094805310522
44;train;human breast cancer;Hamammatsu XR;UMC Utrecht;Human;0.00022632094805310522;0.00022632094805310522
45;train;human breast cancer;Hamammatsu XR;UMC Utrecht;Human;0.00022632094805310522;0.00022632094805310522
46;train;human breast cancer;Hamammatsu XR;UMC Utrecht;Human;0.00022744367634943942;0.00022744367634943942
47;train;human breast cancer;Hamammatsu XR;UMC Utrecht;Human;0.00022632094805310522;0.00022632094805310522
48;train;human breast cancer;Hamammatsu XR;UMC Utrecht;Human;0.00022744367634943942;0.00022744367634943942
49;train;human breast cancer;Hamammatsu XR;UMC Utrecht;Human;0.00022744367634943942;0.00022744367634943942
50;test;human breast cancer;Hamammatsu XR;UMC Utrecht;Human;0.00022686065932495556;0.00022686065932495556
51;train;human breast cancer;Hamamatsu S360;UMC Utrecht;Human;0.00022984761284250912;0.00022986425339366513
52;test;human breast cancer;Hamamatsu S360;UMC Utrecht;Human;0.00022984761284250912;0.00022986425339366513
53;train;human breast cancer;Hamamatsu S360;UMC Utrecht;Human;0.00022984761284250912;0.00022986425339366513
54;train;human breast cancer;Hamamatsu S360;UMC Utrecht;Human;0.00022984761284250912;0.00022986425339366513
55;train;human breast cancer;Hamamatsu S360;UMC Utrecht;Human;0.00022984761284250912;0.00022986425339366513
56;train;human breast cancer;Hamamatsu S360;UMC Utrecht;Human;0.00022984761284250912;0.00022986425339366513
57;test;human breast cancer;Hamamatsu S360;UMC Utrecht;Human;0.00022984761284250912;0.00022986425339366513
58;test;human breast cancer;Hamamatsu S360;UMC Utrecht;Human;0.00022984761284250912;0.00022986425339366513
59;test;human breast cancer;Hamamatsu S360;UMC Utrecht;Human;0.00022984761284250912;0.00022986425339366513
60;train;human breast cancer;Hamamatsu S360;UMC Utrecht;Human;0.00022984761284250912;0.00022986425339366513
61;train;human breast cancer;Hamamatsu S360;UMC Utrecht;Human;0.00022984761284250912;0.00022986425339366513
62;train;human breast cancer;Hamamatsu S360;UMC Utrecht;Human;0.00022984761284250912;0.00022986425339366513
63;train;human breast cancer;Hamamatsu S360;UMC Utrecht;Human;0.00022984761284250912;0.00022986425339366513
64;test;human breast cancer;Hamamatsu S360;UMC Utrecht;Human;0.00022984761284250912;0.00022986425339366513
65;train;human breast cancer;Hamamatsu S360;UMC Utrecht;Human;0.00022984761284250912;0.00022986425339366513
66;test;human breast cancer;Hamamatsu S360;UMC Utrecht;Human;0.00022984761284250912;0.00022986425339366513
67;train;human breast cancer;Hamamatsu S360;UMC Utrecht;Human;0.00022984761284250912;0.00022986425339366513
68;train;human breast cancer;Hamamatsu S360;UMC Utrecht;Human;0.00022984761284250912;0.00022986425339366513
69;train;human breast cancer;Hamamatsu S360;UMC Utrecht;Human;0.00022984761284250912;0.00022986425339366513
70;train;human breast cancer;Hamamatsu S360;UMC Utrecht;Human;0.00022984761284250912;0.00022986425339366513
71;train;human breast cancer;Hamamatsu S360;UMC Utrecht;Human;0.00022984761284250912;0.00022986425339366513
72;train;human breast cancer;Hamamatsu S360;UMC Utrecht;Human;0.00022984761284250912;0.00022986425339366513
73;train;human breast cancer;Hamamatsu S360;UMC Utrecht;Human;0.00022984761284250912;0.00022986425339366513
74;test;human breast cancer;Hamamatsu S360;UMC Utrecht;Human;0.00022984761284250912;0.00022986425339366513
75;train;human breast cancer;Hamamatsu S360;UMC Utrecht;Human;0.00022984761284250912;0.00022986425339366513
76;train;human breast cancer;Hamamatsu S360;UMC Utrecht;Human;0.00022984761284250912;0.00022986425339366513
77;train;human breast cancer;Hamamatsu S360;UMC Utrecht;Human;0.00022984761284250912;0.00022986425339366513
78;train;human breast cancer;Hamamatsu S360;UMC Utrecht;Human;0.00022984761284250912;0.00022986425339366513
79;train;human breast cancer;Hamamatsu S360;UMC Utrecht;Human;0.00022984761284250912;0.00022986425339366513
80;train;human breast cancer;Hamamatsu S360;UMC Utrecht;Human;0.00022984761284250912;0.00022986425339366513
81;train;human breast cancer;Hamamatsu S360;UMC Utrecht;Human;0.00022984761284250912;0.00022986425339366513
82;train;human breast cancer;Hamamatsu S360;UMC Utrecht;Human;0.00022984761284250912;0.00022986425339366513
83;train;human breast cancer;Hamamatsu S360;UMC Utrecht;Human;0.00022984761284250912;0.00022986425339366513
84;train;human breast cancer;Hamamatsu S360;UMC Utrecht;Human;0.00022984761284250912;0.00022986425339366513
85;train;human breast cancer;Hamamatsu S360;UMC Utrecht;Human;0.00022984761284250912;0.00022986425339366513
86;train;human breast cancer;Hamamatsu S360;UMC Utrecht;Human;0.00022984761284250912;0.00022986425339366513
87;train;human breast cancer;Hamamatsu S360;UMC Utrecht;Human;0.00022984761284250912;0.00022986425339366513
88;test;human breast cancer;Hamamatsu S360;UMC Utrecht;Human;0.00022984761284250912;0.00022986425339366513
89;train;human breast cancer;Hamamatsu S360;UMC Utrecht;Human;0.00022984761284250912;0.00022986425339366513
90;train;human breast cancer;Hamamatsu S360;UMC Utrecht;Human;0.00022984761284250912;0.00022986425339366513
91;train;human breast cancer;Hamamatsu S360;UMC Utrecht;Human;0.00022984761284250912;0.00022986425339366513
92;train;human breast cancer;Hamamatsu S360;UMC Utrecht;Human;0.00022984761284250912;0.00022986425339366513
93;test;human breast cancer;Hamamatsu S360;UMC Utrecht;Human;0.00022984761284250912;0.00022986425339366513
94;train;human breast cancer;Hamamatsu S360;UMC Utrecht;Human;0.00022984761284250912;0.00022986425339366513
95;test;human breast cancer;Hamamatsu S360;UMC Utrecht;Human;0.00022984761284250912;0.00022986425339366513
96;train;human breast cancer;Hamamatsu S360;UMC Utrecht;Human;0.00022984761284250912;0.00022986425339366513
97;train;human breast cancer;Hamamatsu S360;UMC Utrecht;Human;0.00022984761284250912;0.00022986425339366513
98;train;human breast cancer;Hamamatsu S360;UMC Utrecht;Human;0.00022984761284250912;0.00022986425339366513
99;train;human breast cancer;Hamamatsu S360;UMC Utrecht;Human;0.00022984761284250912;0.00022986425339366513
100;test;human breast cancer;Hamamatsu S360;UMC Utrecht;Human;0.00022984761284250912;0.00022986425339366513
101;train;human breast cancer;Aperio CS2;UMC Utrecht;Human;0.0002533008895448562;0.0002533008895448562
102;test;human breast cancer;Aperio CS2;UMC Utrecht;Human;0.0002533008895448562;0.0002533008895448562
103;train;human breast cancer;Aperio CS2;UMC Utrecht;Human;0.0002533008895448562;0.0002533008895448562
104;test;human breast cancer;Aperio CS2;UMC Utrecht;Human;0.0002533008895448562;0.0002533008895448562
105;train;human breast cancer;Aperio CS2;UMC Utrecht;Human;0.0002533008895448562;0.0002533008895448562
106;train;human breast cancer;Aperio CS2;UMC Utrecht;Human;0.0002533008895448562;0.0002533008895448562
107;test;human breast cancer;Aperio CS2;UMC Utrecht;Human;0.0002533008895448562;0.0002533008895448562
108;train;human breast cancer;Aperio CS2;UMC Utrecht;Human;0.0002533008895448562;0.0002533008895448562
109;test;human breast cancer;Aperio CS2;UMC Utrecht;Human;0.0002533008895448562;0.0002533008895448562
110;train;human breast cancer;Aperio CS2;UMC Utrecht;Human;0.0002533008895448562;0.0002533008895448562
111;train;human breast cancer;Aperio CS2;UMC Utrecht;Human;0.0002533008895448562;0.0002533008895448562
112;train;human breast cancer;Aperio CS2;UMC Utrecht;Human;0.0002533008895448562;0.0002533008895448562
113;train;human breast cancer;Aperio CS2;UMC Utrecht;Human;0.0002533008895448562;0.0002533008895448562
114;train;human breast cancer;Aperio CS2;UMC Utrecht;Human;0.0002533008895448562;0.0002533008895448562
115;test;human breast cancer;Aperio CS2;UMC Utrecht;Human;0.0002533008895448562;0.0002533008895448562
116;test;human breast cancer;Aperio CS2;UMC Utrecht;Human;0.0002533008895448562;0.0002533008895448562
117;train;human breast cancer;Aperio CS2;UMC Utrecht;Human;0.0002533008895448562;0.0002533008895448562
118;train;human breast cancer;Aperio CS2;UMC Utrecht;Human;0.0002533008895448562;0.0002533008895448562
119;train;human breast cancer;Aperio CS2;UMC Utrecht;Human;0.0002533008895448562;0.0002533008895448562
120;train;human breast cancer;Aperio CS2;UMC Utrecht;Human;0.0002533008895448562;0.0002533008895448562
121;train;human breast cancer;Aperio CS2;UMC Utrecht;Human;0.0002533008895448562;0.0002533008895448562
122;train;human breast cancer;Aperio CS2;UMC Utrecht;Human;0.0002533008895448562;0.0002533008895448562
123;test;human breast cancer;Aperio CS2;UMC Utrecht;Human;0.0002533008895448562;0.0002533008895448562
124;test;human breast cancer;Aperio CS2;UMC Utrecht;Human;0.0002533008895448562;0.0002533008895448562
125;train;human breast cancer;Aperio CS2;UMC Utrecht;Human;0.0002533008895448562;0.0002533008895448562
126;train;human breast cancer;Aperio CS2;UMC Utrecht;Human;0.0002533008895448562;0.0002533008895448562
127;train;human breast cancer;Aperio CS2;UMC Utrecht;Human;0.0002533008895448562;0.0002533008895448562
128;test;human breast cancer;Aperio CS2;UMC Utrecht;Human;0.0002533008895448562;0.0002533008895448562
129;train;human breast cancer;Aperio CS2;UMC Utrecht;Human;0.0002533008895448562;0.0002533008895448562
130;train;human breast cancer;Aperio CS2;UMC Utrecht;Human;0.0002533008895448562;0.0002533008895448562
131;train;human breast cancer;Aperio CS2;UMC Utrecht;Human;0.0002533008895448562;0.0002533008895448562
132;train;human breast cancer;Aperio CS2;UMC Utrecht;Human;0.0002533008895448562;0.0002533008895448562
133;train;human breast cancer;Aperio CS2;UMC Utrecht;Human;0.0002533008895448562;0.0002533008895448562
134;train;human breast cancer;Aperio CS2;UMC Utrecht;Human;0.0002533008895448562;0.0002533008895448562
135;train;human breast cancer;Aperio CS2;UMC Utrecht;Human;0.0002533008895448562;0.0002533008895448562
136;train;human breast cancer;Aperio CS2;UMC Utrecht;Human;0.0002533008895448562;0.0002533008895448562
137;train;human breast cancer;Aperio CS2;UMC Utrecht;Human;0.0002533008895448562;0.0002533008895448562
138;train;human breast cancer;Aperio CS2;UMC Utrecht;Human;0.0002533008895448562;0.0002533008895448562
139;train;human breast cancer;Aperio CS2;UMC Utrecht;Human;0.0002533008895448562;0.0002533008895448562
140;train;human breast cancer;Aperio CS2;UMC Utrecht;Human;0.0002533008895448562;0.0002533008895448562
141;train;human breast cancer;Aperio CS2;UMC Utrecht;Human;0.0002533008895448562;0.0002533008895448562
142;train;human breast cancer;Aperio CS2;UMC Utrecht;Human;0.0002533008895448562;0.0002533008895448562
143;train;human breast cancer;Aperio CS2;UMC Utrecht;Human;0.0002533008895448562;0.0002533008895448562
144;train;human breast cancer;Aperio CS2;UMC Utrecht;Human;0.0002533008895448562;0.0002533008895448562
145;train;human breast cancer;Aperio CS2;UMC Utrecht;Human;0.0002533008895448562;0.0002533008895448562
146;train;human breast cancer;Aperio CS2;UMC Utrecht;Human;0.0002533008895448562;0.0002533008895448562
147;test;human breast cancer;Aperio CS2;UMC Utrecht;Human;0.0002533008895448562;0.0002533008895448562
148;train;human breast cancer;Aperio CS2;UMC Utrecht;Human;0.0002533008895448562;0.0002533008895448562
149;train;human breast cancer;Aperio CS2;UMC Utrecht;Human;0.0002533008895448562;0.0002533008895448562
150;test;human breast cancer;Aperio CS2;UMC Utrecht;Human;0.0002533008895448562;0.0002533008895448562
201;train;canine lung cancer;3D Histech;VMU Vienna;Canine;0.00024816562612969096;0.0002491441799331038
202;train;canine lung cancer;3D Histech;VMU Vienna;Canine;0.00024816562612969096;0.0002491441799331038
203;test;canine lung cancer;3D Histech;VMU Vienna;Canine;0.00024816562612969096;0.0002491441799331038
204;train;canine lung cancer;3D Histech;VMU Vienna;Canine;0.00024816562612969096;0.0002491441799331038
205;train;canine lung cancer;3D Histech;VMU Vienna;Canine;0.00024816562612969096;0.0002491441799331038
206;train;canine lung cancer;3D Histech;VMU Vienna;Canine;0.00024816562612969096;0.0002491441799331038
207;train;canine lung cancer;3D Histech;VMU Vienna;Canine;0.00024816562612969096;0.0002491441799331038
208;train;canine lung cancer;3D Histech;VMU Vienna;Canine;0.00024816562612969096;0.0002491441799331038
209;train;canine lung cancer;3D Histech;VMU Vienna;Canine;0.00024816562612969096;0.0002491441799331038
210;train;canine lung cancer;3D Histech;VMU Vienna;Canine;0.00024816562612969096;0.0002491441799331038
211;train;canine lung cancer;3D Histech;VMU Vienna;Canine;0.00024816562612969096;0.0002491441799331038
212;test;canine lung cancer;3D Histech;VMU Vienna;Canine;0.00024816562612969096;0.0002491441799331038
213;train;canine lung cancer;3D Histech;VMU Vienna;Canine;0.00024816562612969096;0.0002491441799331038
214;train;canine lung cancer;3D Histech;VMU Vienna;Canine;0.00024816562612969096;0.0002491441799331038
215;train;canine lung cancer;3D Histech;VMU Vienna;Canine;0.00024816562612969096;0.0002491441799331038
216;train;canine lung cancer;3D Histech;VMU Vienna;Canine;0.00024816562612969096;0.0002491441799331038
217;train;canine lung cancer;3D Histech;VMU Vienna;Canine;0.00024816562612969096;0.0002491441799331038
218;test;canine lung cancer;3D Histech;VMU Vienna;Canine;0.00024816562612969096;0.0002491441799331038
219;train;canine lung cancer;3D Histech;VMU Vienna;Canine;0.00024816562612969096;0.0002491441799331038
220;test;canine lung cancer;3D Histech;VMU Vienna;Canine;0.00024816562612969096;0.0002491441799331038
221;train;canine lung cancer;3D Histech;VMU Vienna;Canine;0.00024816562612969096;0.0002491441799331038
222;train;canine lung cancer;3D Histech;VMU Vienna;Canine;0.00024816562612969096;0.0002491441799331038
223;train;canine lung cancer;3D Histech;VMU Vienna;Canine;0.00024816562612969096;0.0002491441799331038
224;train;canine lung cancer;3D Histech;VMU Vienna;Canine;0.00024816562612969096;0.0002491441799331038
225;train;canine lung cancer;3D Histech;VMU Vienna;Canine;0.00024816562612969096;0.0002491441799331038
226;train;canine lung cancer;3D Histech;VMU Vienna;Canine;0.00024816562612969096;0.0002491441799331038
227;train;canine lung cancer;3D Histech;VMU Vienna;Canine;0.00024816562612969096;0.0002491441799331038
228;train;canine lung cancer;3D Histech;VMU Vienna;Canine;0.00024816562612969096;0.0002491441799331038
229;train;canine lung cancer;3D Histech;VMU Vienna;Canine;0.00024816562612969096;0.0002491441799331038
230;test;canine lung cancer;3D Histech;VMU Vienna;Canine;0.00024816562612969096;0.0002491441799331038
231;train;canine lung cancer;3D Histech;VMU Vienna;Canine;0.00024816562612969096;0.0002491441799331038
232;test;canine lung cancer;3D Histech;VMU Vienna;Canine;0.00024816562612969096;0.0002491441799331038
233;train;canine lung cancer;3D Histech;VMU Vienna;Canine;0.00024816562612969096;0.0002491441799331038
234;test;canine lung cancer;3D Histech;VMU Vienna;Canine;0.00024816562612969096;0.0002491441799331038
235;train;canine lung cancer;3D Histech;VMU Vienna;Canine;0.00024816562612969096;0.0002491441799331038
236;test;canine lung cancer;3D Histech;VMU Vienna;Canine;0.00024816562612969096;0.0002491441799331038
237;train;canine lung cancer;3D Histech;VMU Vienna;Canine;0.00024816562612969096;0.0002491441799331038
238;train;canine lung cancer;3D Histech;VMU Vienna;Canine;0.00024816562612969096;0.0002491441799331038
239;test;canine lung cancer;3D Histech;VMU Vienna;Canine;0.00024816562612969096;0.0002491441799331038
240;train;canine lung cancer;3D Histech;VMU Vienna;Canine;0.00024816562612969096;0.0002491441799331038
241;test;canine lung cancer;3D Histech;VMU Vienna;Canine;0.00024816562612969096;0.0002491441799331038
242;train;canine lung cancer;3D Histech;VMU Vienna;Canine;0.00024816562612969096;0.0002491441799331038
243;train;canine lung cancer;3D Histech;VMU Vienna;Canine;0.00024816562612969096;0.0002491441799331038
244;train;canine lung cancer;3D Histech;VMU Vienna;Canine;0.00024816562612969096;0.0002491441799331038
245;train;canine lymphoma;3D Histech;VMU Vienna;Canine;0.00024816562612969096;0.0002491441799331038
246;train;canine lymphoma;3D Histech;VMU Vienna;Canine;0.00024816562612969096;0.0002491441799331038
247;train;canine lymphoma;3D Histech;VMU Vienna;Canine;0.00024816562612969096;0.0002491441799331038
248;train;canine lymphoma;3D Histech;VMU Vienna;Canine;0.00024816562612969096;0.0002491441799331038
249;test;canine lymphoma;3D Histech;VMU Vienna;Canine;0.00024816562612969096;0.0002491441799331038
250;train;canine lymphoma;3D Histech;VMU Vienna;Canine;0.00024816562612969096;0.0002491441799331038
251;test;canine lymphoma;3D Histech;VMU Vienna;Canine;0.00024816562612969096;0.0002491441799331038
252;test;canine lymphoma;3D Histech;VMU Vienna;Canine;0.00024816562612969096;0.0002491441799331038
253;test;canine lymphoma;3D Histech;VMU Vienna;Canine;0.00024816562612969096;0.0002491441799331038
254;train;canine lymphoma;3D Histech;VMU Vienna;Canine;0.00024816562612969096;0.0002491441799331038
255;train;canine lymphoma;3D Histech;VMU Vienna;Canine;0.00024816562612969096;0.0002491441799331038
256;test;canine lymphoma;3D Histech;VMU Vienna;Canine;0.00024816562612969096;0.0002491441799331038
257;test;canine lymphoma;3D Histech;VMU Vienna;Canine;0.00024816562612969096;0.0002491441799331038
258;train;canine lymphoma;3D Histech;VMU Vienna;Canine;0.00024816562612969096;0.0002491441799331038
259;train;canine lymphoma;3D Histech;VMU Vienna;Canine;0.00024816562612969096;0.0002491441799331038
260;train;canine lymphoma;3D Histech;VMU Vienna;Canine;0.00024816562612969096;0.0002491441799331038
261;train;canine lymphoma;3D Histech;VMU Vienna;Canine;0.00024816562612969096;0.0002491441799331038
262;train;canine lymphoma;3D Histech;VMU Vienna;Canine;0.00024816562612969096;0.0002491441799331038
263;train;canine lymphoma;3D Histech;VMU Vienna;Canine;0.00024816562612969096;0.0002491441799331038
264;train;canine lymphoma;3D Histech;VMU Vienna;Canine;0.00024816562612969096;0.0002491441799331038
265;train;canine lymphoma;3D Histech;VMU Vienna;Canine;0.00024816562612969096;0.0002491441799331038
266;train;canine lymphoma;3D Histech;VMU Vienna;Canine;0.00024816562612969096;0.0002491441799331038
267;train;canine lymphoma;3D Histech;VMU Vienna;Canine;0.00024816562612969096;0.0002491441799331038
268;test;canine lymphoma;3D Histech;VMU Vienna;Canine;0.00024816562612969096;0.0002491441799331038
269;test;canine lymphoma;3D Histech;VMU Vienna;Canine;0.00024816562612969096;0.0002491441799331038
270;train;canine lymphoma;3D Histech;VMU Vienna;Canine;0.00024816562612969096;0.0002491441799331038
271;train;canine lymphoma;3D Histech;VMU Vienna;Canine;0.00024816562612969096;0.0002491441799331038
272;train;canine lymphoma;3D Histech;VMU Vienna;Canine;0.00024816562612969096;0.0002491441799331038
273;train;canine lymphoma;3D Histech;VMU Vienna;Canine;0.00024816562612969096;0.0002491441799331038
274;train;canine lymphoma;3D Histech;VMU Vienna;Canine;0.00024816562612969096;0.0002491441799331038
275;train;canine lymphoma;3D Histech;VMU Vienna;Canine;0.00024816562612969096;0.0002491441799331038
276;test;canine lymphoma;3D Histech;VMU Vienna;Canine;0.00024816562612969096;0.0002491441799331038
277;train;canine lymphoma;3D Histech;VMU Vienna;Canine;0.00024816562612969096;0.0002491441799331038
278;train;canine lymphoma;3D Histech;VMU Vienna;Canine;0.00024816562612969096;0.0002491441799331038
279;train;canine lymphoma;3D Histech;VMU Vienna;Canine;0.00024816562612969096;0.0002491441799331038
280;train;canine lymphoma;3D Histech;VMU Vienna;Canine;0.00024816562612969096;0.0002491441799331038
281;train;canine lymphoma;3D Histech;VMU Vienna;Canine;0.00024816562612969096;0.0002491441799331038
282;train;canine lymphoma;3D Histech;VMU Vienna;Canine;0.00024816562612969096;0.0002491441799331038
283;train;canine lymphoma;3D Histech;VMU Vienna;Canine;0.00024816562612969096;0.0002491441799331038
284;train;canine lymphoma;3D Histech;VMU Vienna;Canine;0.00024816562612969096;0.0002491441799331038
285;train;canine lymphoma;3D Histech;VMU Vienna;Canine;0.00024816562612969096;0.0002491441799331038
286;train;canine lymphoma;3D Histech;VMU Vienna;Canine;0.00024816562612969096;0.0002491441799331038
287;train;canine lymphoma;3D Histech;VMU Vienna;Canine;0.00024816562612969096;0.0002491441799331038
288;train;canine lymphoma;3D Histech;VMU Vienna;Canine;0.00024816562612969096;0.0002491441799331038
289;train;canine lymphoma;3D Histech;VMU Vienna;Canine;0.00024816562612969096;0.0002491441799331038
290;train;canine lymphoma;3D Histech;VMU Vienna;Canine;0.00024816562612969096;0.0002491441799331038
291;test;canine lymphoma;3D Histech;VMU Vienna;Canine;0.00024816562612969096;0.0002491441799331038
292;test;canine lymphoma;3D Histech;VMU Vienna;Canine;0.00024816562612969096;0.0002491441799331038
293;train;canine lymphoma;3D Histech;VMU Vienna;Canine;0.00024816562612969096;0.0002491441799331038
294;train;canine lymphoma;3D Histech;VMU Vienna;Canine;0.00024816562612969096;0.0002491441799331038
295;test;canine lymphoma;3D Histech;VMU Vienna;Canine;0.00024816562612969096;0.0002491441799331038
296;train;canine lymphoma;3D Histech;VMU Vienna;Canine;0.00024816562612969096;0.0002491441799331038
297;train;canine lymphoma;3D Histech;VMU Vienna;Canine;0.00024816562612969096;0.0002491441799331038
298;train;canine lymphoma;3D Histech;VMU Vienna;Canine;0.00024816562612969096;0.0002491441799331038
299;train;canine lymphoma;3D Histech;VMU Vienna;Canine;0.00024816562612969096;0.0002491441799331038
300;train;canine cutaneous mast cell tumor;Aperio CS2;FU Berlin;Canine;0.0002533008895448562;0.0002533008895448562
301;train;canine cutaneous mast cell tumor;Aperio CS2;FU Berlin;Canine;0.0002533008895448562;0.0002533008895448562
302;train;canine cutaneous mast cell tumor;Aperio CS2;FU Berlin;Canine;0.0002533008895448562;0.0002533008895448562
303;train;canine cutaneous mast cell tumor;Aperio CS2;FU Berlin;Canine;0.0002533008895448562;0.0002533008895448562
304;train;canine cutaneous mast cell tumor;Aperio CS2;FU Berlin;Canine;0.0002533008895448562;0.0002533008895448562
305;test;canine cutaneous mast cell tumor;Aperio CS2;FU Berlin;Canine;0.0002533008895448562;0.0002533008895448562
306;train;canine cutaneous mast cell tumor;Aperio CS2;FU Berlin;Canine;0.0002533008895448562;0.0002533008895448562
307;train;canine cutaneous mast cell tumor;Aperio CS2;FU Berlin;Canine;0.0002533008895448562;0.0002533008895448562
308;train;canine cutaneous mast cell tumor;Aperio CS2;FU Berlin;Canine;0.0002533008895448562;0.0002533008895448562
309;train;canine cutaneous mast cell tumor;Aperio CS2;FU Berlin;Canine;0.0002533008895448562;0.0002533008895448562
310;test;canine cutaneous mast cell tumor;Aperio CS2;FU Berlin;Canine;0.0002533008895448562;0.0002533008895448562
311;test;canine cutaneous mast cell tumor;Aperio CS2;FU Berlin;Canine;0.0002533008895448562;0.0002533008895448562
312;train;canine cutaneous mast cell tumor;Aperio CS2;FU Berlin;Canine;0.0002533008895448562;0.0002533008895448562
313;train;canine cutaneous mast cell tumor;Aperio CS2;FU Berlin;Canine;0.0002533008895448562;0.0002533008895448562
314;train;canine cutaneous mast cell tumor;Aperio CS2;FU Berlin;Canine;0.0002533008895448562;0.0002533008895448562
315;test;canine cutaneous mast cell tumor;Aperio CS2;FU Berlin;Canine;0.0002533008895448562;0.0002533008895448562
316;train;canine cutaneous mast cell tumor;Aperio CS2;FU Berlin;Canine;0.0002533008895448562;0.0002533008895448562
317;train;canine cutaneous mast cell tumor;Aperio CS2;FU Berlin;Canine;0.0002533008895448562;0.0002533008895448562
318;train;canine cutaneous mast cell tumor;Aperio CS2;FU Berlin;Canine;0.0002533008895448562;0.0002533008895448562
319;train;canine cutaneous mast cell tumor;Aperio CS2;FU Berlin;Canine;0.0002533008895448562;0.0002533008895448562
320;train;canine cutaneous mast cell tumor;Aperio CS2;FU Berlin;Canine;0.0002533008895448562;0.0002533008895448562
321;train;canine cutaneous mast cell tumor;Aperio CS2;FU Berlin;Canine;0.0002533008895448562;0.0002533008895448562
322;train;canine cutaneous mast cell tumor;Aperio CS2;FU Berlin;Canine;0.0002533008895448562;0.0002533008895448562
323;train;canine cutaneous mast cell tumor;Aperio CS2;FU Berlin;Canine;0.0002533008895448562;0.0002533008895448562
324;train;canine cutaneous mast cell tumor;Aperio CS2;FU Berlin;Canine;0.0002533008895448562;0.0002533008895448562
325;train;canine cutaneous mast cell tumor;Aperio CS2;FU Berlin;Canine;0.0002533008895448562;0.0002533008895448562
326;train;canine cutaneous mast cell tumor;Aperio CS2;FU Berlin;Canine;0.0002533008895448562;0.0002533008895448562
327;train;canine cutaneous mast cell tumor;Aperio CS2;FU Berlin;Canine;0.0002533008895448562;0.0002533008895448562
328;train;canine cutaneous mast cell tumor;Aperio CS2;FU Berlin;Canine;0.0002533008895448562;0.0002533008895448562
329;test;canine cutaneous mast cell tumor;Aperio CS2;FU Berlin;Canine;0.0002533008895448562;0.0002533008895448562
330;train;canine cutaneous mast cell tumor;Aperio CS2;FU Berlin;Canine;0.0002533008895448562;0.0002533008895448562
331;train;canine cutaneous mast cell tumor;Aperio CS2;FU Berlin;Canine;0.0002533008895448562;0.0002533008895448562
332;train;canine cutaneous mast cell tumor;Aperio CS2;FU Berlin;Canine;0.0002533008895448562;0.0002533008895448562
333;train;canine cutaneous mast cell tumor;Aperio CS2;FU Berlin;Canine;0.0002533008895448562;0.0002533008895448562
334;train;canine cutaneous mast cell tumor;Aperio CS2;FU Berlin;Canine;0.0002533008895448562;0.0002533008895448562
335;train;canine cutaneous mast cell tumor;Aperio CS2;FU Berlin;Canine;0.0002533008895448562;0.0002533008895448562
336;test;canine cutaneous mast cell tumor;Aperio CS2;FU Berlin;Canine;0.0002533008895448562;0.0002533008895448562
337;train;canine cutaneous mast cell tumor;Aperio CS2;FU Berlin;Canine;0.0002533008895448562;0.0002533008895448562
338;test;canine cutaneous mast cell tumor;Aperio CS2;FU Berlin;Canine;0.0002533008895448562;0.0002533008895448562
339;test;canine cutaneous mast cell tumor;Aperio CS2;FU Berlin;Canine;0.0002533008895448562;0.0002533008895448562
340;train;canine cutaneous mast cell tumor;Aperio CS2;FU Berlin;Canine;0.0002533008895448562;0.0002533008895448562
341;train;canine cutaneous mast cell tumor;Aperio CS2;FU Berlin;Canine;0.0002533008895448562;0.0002533008895448562
342;train;canine cutaneous mast cell tumor;Aperio CS2;FU Berlin;Canine;0.0002533008895448562;0.0002533008895448562
343;train;canine cutaneous mast cell tumor;Aperio CS2;FU Berlin;Canine;0.0002533008895448562;0.0002533008895448562
344;test;canine cutaneous mast cell tumor;Aperio CS2;FU Berlin;Canine;0.0002533008895448562;0.0002533008895448562
345;test;canine cutaneous mast cell tumor;Aperio CS2;FU Berlin;Canine;0.0002533008895448562;0.0002533008895448562
346;test;canine cutaneous mast cell tumor;Aperio CS2;FU Berlin;Canine;0.0002533008895448562;0.0002533008895448562
347;train;canine cutaneous mast cell tumor;Aperio CS2;FU Berlin;Canine;0.0002533008895448562;0.0002533008895448562
348;train;canine cutaneous mast cell tumor;Aperio CS2;FU Berlin;Canine;0.0002533008895448562;0.0002533008895448562
349;train;canine cutaneous mast cell tumor;Aperio CS2;FU Berlin;Canine;0.0002533008895448562;0.0002533008895448562
350;train;human neuroendocrine tumor;Hamamatsu XR;UMC Utrecht;Human;0.0002274375665971221;0.00022744367634943942
351;train;human neuroendocrine tumor;Hamamatsu XR;UMC Utrecht;Human;0.00022744367634943942;0.00022744367634943942
352;train;human neuroendocrine tumor;Hamamatsu XR;UMC Utrecht;Human;0.00022632094805310522;0.00022632094805310522
353;test;human neuroendocrine tumor;Hamamatsu XR;UMC Utrecht;Human;0.00022744367634943942;0.00022744367634943942
354;test;human neuroendocrine tumor;Hamamatsu XR;UMC Utrecht;Human;0.00022744367634943942;0.00022744367634943942
355;train;human neuroendocrine tumor;Hamamatsu XR;UMC Utrecht;Human;0.00022744367634943942;0.00022744367634943942
356;train;human neuroendocrine tumor;Hamamatsu XR;UMC Utrecht;Human;0.00022686065932495556;0.00022686065932495556
357;train;human neuroendocrine tumor;Hamamatsu XR;UMC Utrecht;Human;0.00022632094805310522;0.00022632094805310522
358;train;human neuroendocrine tumor;Hamamatsu XR;UMC Utrecht;Human;0.00022632094805310522;0.00022632094805310522
359;train;human neuroendocrine tumor;Hamamatsu XR;UMC Utrecht;Human;0.00022632094805310522;0.00022632094805310522
360;train;human neuroendocrine tumor;Hamamatsu XR;UMC Utrecht;Human;0.00022686065932495556;0.00022686065932495556
361;train;human neuroendocrine tumor;Hamamatsu XR;UMC Utrecht;Human;0.00022744367634943942;0.00022744367634943942
362;train;human neuroendocrine tumor;Hamamatsu XR;UMC Utrecht;Human;0.0002263169149618647;0.00022632094805310522
363;train;human neuroendocrine tumor;Hamamatsu XR;UMC Utrecht;Human;0.00022744367634943942;0.00022744367634943942
364;train;human neuroendocrine tumor;Hamamatsu XR;UMC Utrecht;Human;0.00022632094805310522;0.00022632094805310522
365;train;human neuroendocrine tumor;Hamamatsu XR;UMC Utrecht;Human;0.00022690727175272467;0.00022690727175272467
366;test;human neuroendocrine tumor;Hamamatsu XR;UMC Utrecht;Human;0.00022744367634943942;0.00022744367634943942
367;train;human neuroendocrine tumor;Hamamatsu XR;UMC Utrecht;Human;0.00022632094805310522;0.00022632094805310522
368;test;human neuroendocrine tumor;Hamamatsu XR;UMC Utrecht;Human;0.00022632094805310522;0.00022632094805310522
369;train;human neuroendocrine tumor;Hamamatsu XR;UMC Utrecht;Human;0.00022744367634943942;0.00022744367634943942
370;test;human neuroendocrine tumor;Hamamatsu XR;UMC Utrecht;Human;0.00022744367634943942;0.00022744367634943942
371;train;human neuroendocrine tumor;Hamamatsu XR;UMC Utrecht;Human;0.00022683432164035148;0.00022683432164035148
372;train;human neuroendocrine tumor;Hamamatsu XR;UMC Utrecht;Human;0.00022686065932495556;0.00022686065932495556
373;test;human neuroendocrine tumor;Hamamatsu XR;UMC Utrecht;Human;0.00022683432164035148;0.00022683432164035148
374;train;human neuroendocrine tumor;Hamamatsu XR;UMC Utrecht;Human;0.00022632094805310522;0.00022632094805310522
375;test;human neuroendocrine tumor;Hamamatsu XR;UMC Utrecht;Human;0.00022724629382766856;0.00022724629382766856
376;train;human neuroendocrine tumor;Hamamatsu XR;UMC Utrecht;Human;0.00022686065932495556;0.00022686065932495556
377;train;human neuroendocrine tumor;Hamamatsu XR;UMC Utrecht;Human;0.0002268910565619752;0.00022690727175272467
378;train;human neuroendocrine tumor;Hamamatsu XR;UMC Utrecht;Human;0.00022724629382766856;0.00022724629382766856
379;train;human neuroendocrine tumor;Hamamatsu XR;UMC Utrecht;Human;0.0002262947355291644;0.0002262947355291644
380;train;human neuroendocrine tumor;Hamamatsu XR;UMC Utrecht;Human;0.00022634716665032926;0.00022634716665032926
381;train;human neuroendocrine tumor;Hamamatsu XR;UMC Utrecht;Human;0.00022632094805310522;0.00022632094805310522
382;train;human neuroendocrine tumor;Hamamatsu XR;UMC Utrecht;Human;0.00022632094805310522;0.00022632094805310522
383;test;human neuroendocrine tumor;Hamamatsu XR;UMC Utrecht;Human;0.00022632094805310522;0.00022632094805310522
384;train;human neuroendocrine tumor;Hamamatsu XR;UMC Utrecht;Human;0.00022710203497728978;0.00022710203497728978
385;train;human neuroendocrine tumor;Hamamatsu XR;UMC Utrecht;Human;0.00022683432164035148;0.00022683432164035148
386;test;human neuroendocrine tumor;Hamamatsu XR;UMC Utrecht;Human;0.00022632094805310522;0.00022632094805310522
387;train;human neuroendocrine tumor;Hamamatsu XR;UMC Utrecht;Human;0.00022632094805310522;0.00022632094805310522
388;train;human neuroendocrine tumor;Hamamatsu XR;UMC Utrecht;Human;0.00022632094805310522;0.00022632094805310522
389;test;human neuroendocrine tumor;Hamamatsu XR;UMC Utrecht;Human;0.00022634716665032926;0.00022634716665032926
390;test;human neuroendocrine tumor;Hamamatsu XR;UMC Utrecht;Human;0.00022634716665032926;0.00022634716665032926
391;train;human neuroendocrine tumor;Hamamatsu XR;UMC Utrecht;Human;0.00022632094805310522;0.00022632094805310522
392;train;human neuroendocrine tumor;Hamamatsu XR;UMC Utrecht;Human;0.00022632094805310522;0.00022632094805310522
393;train;human neuroendocrine tumor;Hamamatsu XR;UMC Utrecht;Human;0.00022632094805310522;0.00022632094805310522
394;train;human neuroendocrine tumor;Hamamatsu XR;UMC Utrecht;Human;0.00022683432164035148;0.00022683432164035148
395;train;human neuroendocrine tumor;Hamamatsu XR;UMC Utrecht;Human;0.00022686065932495556;0.00022686065932495556
396;train;human neuroendocrine tumor;Hamamatsu XR;UMC Utrecht;Human;0.00022632094805310522;0.00022632094805310522
397;train;human neuroendocrine tumor;Hamamatsu XR;UMC Utrecht;Human;0.00022683432164035148;0.00022683432164035148
398;test;human neuroendocrine tumor;Hamamatsu XR;UMC Utrecht;Human;0.00022744367634943942;0.00022744367634943942
399;train;human neuroendocrine tumor;Hamamatsu XR;UMC Utrecht;Human;0.0002266400171318438;0.0002266400171318438
400;train;human neuroendocrine tumor;Hamamatsu XR;UMC Utrecht;Human;0.00022686065932495556;0.00022686065932495556
401;train;human neuroendocrine tumor;Hamamatsu XR;UMC Utrecht;Human;0.00022686065932495556;0.00022686065932495556
402;train;human neuroendocrine tumor;Hamamatsu XR;UMC Utrecht;Human;0.00022632094805310522;0.00022632094805310522
403;train;human neuroendocrine tumor;Hamamatsu XR;UMC Utrecht;Human;0.00022686065932495556;0.00022686065932495556
404;train;human neuroendocrine tumor;Hamamatsu XR;UMC Utrecht;Human;0.00022632094805310522;0.00022632094805310522
405;train;canine soft tissue sarcoma;3D Histech;AMC New York;Human;0.00024816562612969096;0.0002491441799331038
406;train;canine soft tissue sarcoma;3D Histech;AMC New York;Human;0.00024816562612969096;0.0002491441799331038
407;train;canine soft tissue sarcoma;3D Histech;AMC New York;Human;0.00024816562612969096;0.0002491441799331038
408;train;canine soft tissue sarcoma;3D Histech;AMC New York;Human;0.00024816562612969096;0.0002491441799331038
409;train;canine soft tissue sarcoma;3D Histech;AMC New York;Human;0.00024816562612969096;0.0002491441799331038
410;train;canine soft tissue sarcoma;3D Histech;AMC New York;Human;0.00024816562612969096;0.0002491441799331038
411;train;canine soft tissue sarcoma;3D Histech;AMC New York;Human;0.00024816562612969096;0.0002491441799331038
412;train;canine soft tissue sarcoma;3D Histech;AMC New York;Human;0.00024816562612969096;0.0002491441799331038
413;test;canine soft tissue sarcoma;3D Histech;AMC New York;Human;0.00024816562612969096;0.0002491441799331038
414;test;canine soft tissue sarcoma;3D Histech;AMC New York;Human;0.00024816562612969096;0.0002491441799331038
415;train;canine soft tissue sarcoma;3D Histech;AMC New York;Human;0.00024816562612969096;0.0002491441799331038
416;train;canine soft tissue sarcoma;3D Histech;AMC New York;Human;0.00024816562612969096;0.0002491441799331038
417;train;canine soft tissue sarcoma;3D Histech;AMC New York;Human;0.00024816562612969096;0.0002491441799331038
418;train;canine soft tissue sarcoma;3D Histech;AMC New York;Human;0.00024816562612969096;0.0002491441799331038
419;test;canine soft tissue sarcoma;3D Histech;AMC New York;Human;0.00024816562612969096;0.0002491441799331038
420;train;canine soft tissue sarcoma;3D Histech;AMC New York;Human;0.00024816562612969096;0.0002491441799331038
421;train;canine soft tissue sarcoma;3D Histech;AMC New York;Human;0.00024816562612969096;0.0002491441799331038
422;test;canine soft tissue sarcoma;3D Histech;AMC New York;Human;0.00024816562612969096;0.0002491441799331038
423;train;canine soft tissue sarcoma;3D Histech;AMC New York;Human;0.00024816562612969096;0.0002491441799331038
424;train;canine soft tissue sarcoma;3D Histech;AMC New York;Human;0.00024816562612969096;0.0002491441799331038
425;test;canine soft tissue sarcoma;3D Histech;AMC New York;Human;0.00024816562612969096;0.0002491441799331038
426;test;canine soft tissue sarcoma;3D Histech;AMC New York;Human;0.00024816562612969096;0.0002491441799331038
427;test;canine soft tissue sarcoma;3D Histech;AMC New York;Human;0.00024816562612969096;0.0002491441799331038
428;train;canine soft tissue sarcoma;3D Histech;AMC New York;Human;0.00024816562612969096;0.0002491441799331038
429;train;canine soft tissue sarcoma;3D Histech;AMC New York;Human;0.00024816562612969096;0.0002491441799331038
430;train;canine soft tissue sarcoma;3D Histech;AMC New York;Human;0.00024816562612969096;0.0002491441799331038
431;train;canine soft tissue sarcoma;3D Histech;AMC New York;Human;0.00024816562612969096;0.0002491441799331038
432;train;canine soft tissue sarcoma;3D Histech;AMC New York;Human;0.00024816562612969096;0.0002491441799331038
433;train;canine soft tissue sarcoma;3D Histech;AMC New York;Human;0.00024816562612969096;0.0002491441799331038
434;train;canine soft tissue sarcoma;3D Histech;AMC New York;Human;0.00024816562612969096;0.0002491441799331038
435;train;canine soft tissue sarcoma;3D Histech;AMC New York;Human;0.00024816562612969096;0.0002491441799331038
436;train;canine soft tissue sarcoma;3D Histech;AMC New York;Human;0.00024816562612969096;0.0002491441799331038
437;train;canine soft tissue sarcoma;3D Histech;AMC New York;Human;0.00024816562612969096;0.0002491441799331038
438;train;canine soft tissue sarcoma;3D Histech;AMC New York;Human;0.00024816562612969096;0.0002491441799331038
439;test;canine soft tissue sarcoma;3D Histech;AMC New York;Human;0.00024816562612969096;0.0002491441799331038
440;train;canine soft tissue sarcoma;3D Histech;AMC New York;Human;0.00024816562612969096;0.0002491441799331038
441;train;canine soft tissue sarcoma;3D Histech;AMC New York;Human;0.00024816562612969096;0.0002491441799331038
442;test;canine soft tissue sarcoma;3D Histech;AMC New York;Human;0.00024816562612969096;0.0002491441799331038
443;train;canine soft tissue sarcoma;3D Histech;AMC New York;Human;0.00024816562612969096;0.0002491441799331038
444;train;canine soft tissue sarcoma;3D Histech;AMC New York;Human;0.00024816562612969096;0.0002491441799331038
445;train;canine soft tissue sarcoma;3D Histech;AMC New York;Human;0.00024816562612969096;0.0002491441799331038
446;train;canine soft tissue sarcoma;3D Histech;AMC New York;Human;0.00024816562612969096;0.0002491441799331038
447;train;canine soft tissue sarcoma;3D Histech;AMC New York;Human;0.00024816562612969096;0.0002491441799331038
448;train;canine soft tissue sarcoma;3D Histech;AMC New York;Human;0.00024816562612969096;0.0002491441799331038
449;train;canine soft tissue sarcoma;3D Histech;AMC New York;Human;0.00024816562612969096;0.0002491441799331038
450;train;canine soft tissue sarcoma;3D Histech;AMC New York;Human;0.00024816562612969096;0.0002491441799331038
451;train;canine soft tissue sarcoma;3D Histech;AMC New York;Human;0.00024816562612969096;0.0002491441799331038
452;train;canine soft tissue sarcoma;3D Histech;AMC New York;Human;0.00024816562612969096;0.0002491441799331038
453;train;canine soft tissue sarcoma;3D Histech;AMC New York;Human;0.00024816562612969096;0.0002491441799331038
454;train;canine soft tissue sarcoma;3D Histech;AMC New York;Human;0.00024816562612969096;0.0002491441799331038
455;train;canine soft tissue sarcoma;3D Histech;AMC New York;Human;0.00024816562612969096;0.0002491441799331038
456;test;canine soft tissue sarcoma;3D Histech;AMC New York;Human;0.00024816562612969096;0.0002491441799331038
457;train;canine soft tissue sarcoma;3D Histech;AMC New York;Human;0.00024816562612969096;0.0002491441799331038
458;test;canine soft tissue sarcoma;3D Histech;AMC New York;Human;0.00024816562612969096;0.0002491441799331038
459;train;canine soft tissue sarcoma;3D Histech;AMC New York;Human;0.00024816562612969096;0.0002491441799331038
460;train;canine soft tissue sarcoma;3D Histech;AMC New York;Human;0.00024816562612969096;0.0002491441799331038
461;train;canine soft tissue sarcoma;3D Histech;AMC New York;Human;0.00024816562612969096;0.0002491441799331038
462;train;canine soft tissue sarcoma;3D Histech;AMC New York;Human;0.00024816562612969096;0.0002491441799331038
463;test;canine soft tissue sarcoma;3D Histech;AMC New York;Human;0.00024816562612969096;0.0002491441799331038
464;train;canine soft tissue sarcoma;3D Histech;AMC New York;Human;0.00024816562612969096;0.0002491441799331038
465;train;canine soft tissue sarcoma;3D Histech;AMC New York;Human;0.00024816562612969096;0.0002491441799331038
466;train;canine soft tissue sarcoma;3D Histech;AMC New York;Human;0.00024816562612969096;0.0002491441799331038
467;train;canine soft tissue sarcoma;3D Histech;AMC New York;Human;0.00024816562612969096;0.0002491441799331038
468;train;canine soft tissue sarcoma;3D Histech;AMC New York;Human;0.00024816562612969096;0.0002491441799331038
469;train;canine soft tissue sarcoma;3D Histech;AMC New York;Human;0.00024816562612969096;0.0002491441799331038
470;train;canine soft tissue sarcoma;3D Histech;AMC New York;Human;0.00024816562612969096;0.0002491441799331038
471;train;canine soft tissue sarcoma;3D Histech;AMC New York;Human;0.00024816562612969096;0.0002491441799331038
472;test;canine soft tissue sarcoma;3D Histech;AMC New York;Human;0.00024816562612969096;0.0002491441799331038
473;train;canine soft tissue sarcoma;3D Histech;AMC New York;Human;0.00024816562612969096;0.0002491441799331038
474;train;canine soft tissue sarcoma;3D Histech;AMC New York;Human;0.00024816562612969096;0.0002491441799331038
475;train;canine soft tissue sarcoma;3D Histech;AMC New York;Human;0.00024816562612969096;0.0002491441799331038
476;test;canine soft tissue sarcoma;3D Histech;AMC New York;Human;0.00024816562612969096;0.0002491441799331038
477;test;canine soft tissue sarcoma;3D Histech;AMC New York;Human;0.00024816562612969096;0.0002491441799331038
478;train;canine soft tissue sarcoma;3D Histech;AMC New York;Human;0.00024816562612969096;0.0002491441799331038
479;train;canine soft tissue sarcoma;3D Histech;AMC New York;Human;0.00024816562612969096;0.0002491441799331038
480;train;canine soft tissue sarcoma;3D Histech;AMC New York;Human;0.00024816562612969096;0.0002491441799331038
481;test;canine soft tissue sarcoma;3D Histech;AMC New York;Human;0.00024816562612969096;0.0002491441799331038
482;train;canine soft tissue sarcoma;3D Histech;AMC New York;Human;0.00024816562612969096;0.0002491441799331038
483;train;canine soft tissue sarcoma;3D Histech;AMC New York;Human;0.00024816562612969096;0.0002491441799331038
484;test;canine soft tissue sarcoma;3D Histech;AMC New York;Human;0.00024816562612969096;0.0002491441799331038
485;test;canine soft tissue sarcoma;3D Histech;AMC New York;Human;0.00024816562612969096;0.0002491441799331038
486;train;canine soft tissue sarcoma;3D Histech;AMC New York;Human;0.00024816562612969096;0.0002491441799331038
487;test;canine soft tissue sarcoma;3D Histech;AMC New York;Human;0.00024816562612969096;0.0002491441799331038
488;train;canine soft tissue sarcoma;3D Histech;AMC New York;Human;0.00024816562612969096;0.0002491441799331038
489;train;canine soft tissue sarcoma;3D Histech;AMC New York;Human;0.00024816562612969096;0.0002491441799331038
490;train;canine soft tissue sarcoma;3D Histech;VMU Vienna;Human;0.00024816562612969096;0.0002491441799331038
491;test;canine soft tissue sarcoma;3D Histech;VMU Vienna;Human;0.00024816562612969096;0.0002491441799331038
492;train;canine soft tissue sarcoma;3D Histech;VMU Vienna;Human;0.00024816562612969096;0.0002491441799331038
493;train;canine soft tissue sarcoma;3D Histech;VMU Vienna;Human;0.00024816562612969096;0.0002491441799331038
494;train;canine soft tissue sarcoma;3D Histech;VMU Vienna;Human;0.00024816562612969096;0.0002491441799331038
495;train;canine soft tissue sarcoma;3D Histech;VMU Vienna;Human;0.00024816562612969096;0.0002491441799331038
496;train;canine soft tissue sarcoma;3D Histech;VMU Vienna;Human;0.00024816562612969096;0.0002491441799331038
497;test;canine soft tissue sarcoma;3D Histech;VMU Vienna;Human;0.00024816562612969096;0.0002491441799331038
498;train;canine soft tissue sarcoma;3D Histech;VMU Vienna;Human;0.00024816562612969096;0.0002491441799331038
499;train;canine soft tissue sarcoma;3D Histech;VMU Vienna;Human;0.00024816562612969096;0.0002491441799331038
500;train;canine soft tissue sarcoma;3D Histech;VMU Vienna;Human;0.00024816562612969096;0.0002491441799331038
501;train;canine soft tissue sarcoma;3D Histech;VMU Vienna;Human;0.00024816562612969096;0.0002491441799331038
502;train;canine soft tissue sarcoma;3D Histech;VMU Vienna;Human;0.00024816562612969096;0.0002491441799331038
503;train;canine soft tissue sarcoma;3D Histech;VMU Vienna;Human;0.00024816562612969096;0.0002491441799331038
504;test;canine soft tissue sarcoma;3D Histech;VMU Vienna;Human;0.00024816562612969096;0.0002491441799331038
505;train;human melanoma;Hamamatsu XR;UMC Utrecht;Human;0.0002274429460258343;0.0002274429460258343
506;train;human melanoma;Hamamatsu XR;UMC Utrecht;Human;0.0002274429460258343;0.0002274429460258343
507;train;human melanoma;Hamamatsu XR;UMC Utrecht;Human;0.00022632068952134322;0.00022632068952134322
508;train;human melanoma;Hamamatsu XR;UMC Utrecht;Human;0.00022690509428527112;0.00022690509428527112
509;train;human melanoma;Hamamatsu XR;UMC Utrecht;Human;0.00022690509428527112;0.00022690509428527112
510;test;human melanoma;Hamamatsu XR;UMC Utrecht;Human;0.00022690509428527112;0.00022690509428527112
511;train;human melanoma;Hamamatsu XR;UMC Utrecht;Human;0.00022632068952134322;0.00022632068952134322
512;test;human melanoma;Hamamatsu XR;UMC Utrecht;Human;0.0002274429460258343;0.0002274429460258343
513;train;human melanoma;Hamamatsu XR;UMC Utrecht;Human;0.00022632068952134322;0.00022632068952134322
514;train;human melanoma;Hamamatsu XR;UMC Utrecht;Human;0.00022685854527844005;0.00022685854527844005
515;train;human melanoma;Hamamatsu XR;UMC Utrecht;Human;0.00022632068952134322;0.00022632068952134322
516;train;human melanoma;Hamamatsu XR;UMC Utrecht;Human;0.00022688880498729954;0.00022690509428527112
517;train;human melanoma;Hamamatsu XR;UMC Utrecht;Human;0.0002274429460258343;0.0002274429460258343
518;train;human melanoma;Hamamatsu XR;UMC Utrecht;Human;0.0002274429460258343;0.0002274429460258343
519;train;human melanoma;Hamamatsu XR;UMC Utrecht;Human;0.00022685854527844005;0.00022685854527844005
520;train;human melanoma;Hamamatsu XR;UMC Utrecht;Human;0.00022632068952134322;0.00022632068952134322
521;train;human melanoma;Hamamatsu XR;UMC Utrecht;Human;0.00022685854527844005;0.00022685854527844005
522;train;human melanoma;Hamamatsu XR;UMC Utrecht;Human;0.00022632068952134322;0.00022632068952134322
523;train;human melanoma;Hamamatsu XR;UMC Utrecht;Human;0.00022690509428527112;0.00022690509428527112
524;train;human melanoma;Hamamatsu XR;UMC Utrecht;Human;0.00022690509428527112;0.00022690509428527112
525;train;human melanoma;Hamamatsu XR;UMC Utrecht;Human;0.0002274429460258343;0.0002274429460258343
526;train;human melanoma;Hamamatsu XR;UMC Utrecht;Human;0.00022632068952134322;0.00022632068952134322
527;train;human melanoma;Hamamatsu XR;UMC Utrecht;Human;0.00022632068952134322;0.00022632068952134322
528;test;human melanoma;Hamamatsu XR;UMC Utrecht;Human;0.00022683291629156535;0.00022683291629156535
529;train;human melanoma;Hamamatsu XR;UMC Utrecht;Human;0.00022683291629156535;0.00022683291629156535
530;train;human melanoma;Hamamatsu XR;UMC Utrecht;Human;0.00022632068952134322;0.00022632068952134322
531;test;human melanoma;Hamamatsu XR;UMC Utrecht;Human;0.00022629276148681063;0.00022629276148681063
532;train;human melanoma;Hamamatsu XR;UMC Utrecht;Human;0.00022629276148681063;0.00022629276148681063
533;test;human melanoma;Hamamatsu XR;UMC Utrecht;Human;0.0002274429460258343;0.0002274429460258343
534;test;human melanoma;Hamamatsu XR;UMC Utrecht;Human;0.00022629276148681063;0.00022629276148681063
535;train;human melanoma;Hamamatsu XR;UMC Utrecht;Human;0.00022629276148681063;0.00022629276148681063
536;train;human melanoma;Hamamatsu XR;UMC Utrecht;Human;0.00022656517372902468;0.00022656517372902468
537;test;human melanoma;Hamamatsu XR;UMC Utrecht;Human;0.00022656517372902468;0.00022656517372902468
538;test;human melanoma;Hamamatsu XR;UMC Utrecht;Human;0.00022683291629156535;0.00022683291629156535
539;test;human melanoma;Hamamatsu XR;UMC Utrecht;Human;0.00022683291629156535;0.00022683291629156535
540;train;human melanoma;Hamamatsu XR;UMC Utrecht;Human;0.0002274429460258343;0.0002274429460258343
541;test;human melanoma;Hamamatsu XR;UMC Utrecht;Human;0.00022685854527844005;0.00022685854527844005
542;train;human melanoma;Hamamatsu XR;UMC Utrecht;Human;0.00022632068952134322;0.00022632068952134322
543;train;human melanoma;Hamamatsu XR;UMC Utrecht;Human;0.00022685854527844005;0.00022685854527844005
544;train;human melanoma;Hamamatsu XR;UMC Utrecht;Human;0.00022685854527844005;0.00022685854527844005
545;train;human melanoma;Hamamatsu XR;UMC Utrecht;Human;0.00022632068952134322;0.00022632068952134322
546;train;human melanoma;Hamamatsu XR;UMC Utrecht;Human;0.00022685854527844005;0.00022685854527844005
547;train;human melanoma;Hamamatsu XR;UMC Utrecht;Human;0.0002274429460258343;0.0002274429460258343
548;train;human melanoma;Hamamatsu XR;UMC Utrecht;Human;0.0002274429460258343;0.0002274429460258343
549;train;human melanoma;Hamamatsu XR;UMC Utrecht;Human;0.00022632068952134322;0.00022632068952134322
550;train;human melanoma;Hamamatsu XR;UMC Utrecht;Human;0.00022632068952134322;0.00022632068952134322
551;train;human melanoma;Hamamatsu XR;UMC Utrecht;Human;0.00022685854527844005;0.00022685854527844005
552;test;human melanoma;Hamamatsu XR;UMC Utrecht;Human;0.0002274429460258343;0.0002274429460258343
553;train;human melanoma;Hamamatsu XR;UMC Utrecht;Human;0.00022632068952134322;0.00022632068952134322
